"index","original_name","name"
11,"María Carmen Carmen Pérez","Francisco José Fernández"
24,"José Luis José Luis Rodríguez","María Dolores Garcia"
45,"Yan Yan Zha G","María Dolores López"
57,"María Dolores María Dolores López","María Carmen Gómez"
71,"María Dolores Teresa Garcia","Ana María Sánchez"
84,"Ana María Carmen Sánchez","José Luis Fernández"
90,"Laura Maria Carmen Rodríguez","José Luis Rodríguez"
117,"Francisco José Luis Fernández","Teresa María Martínez"
125,"Teresa María Carmen Martínez","José Luis Fernández"
130,"José Antônio L Ima","Josefa María Pérez"
145,"María María Carmen Gómez","Yan Yan Zhag"
183,"José Luis Danile Fernández","José Antônio Lima"
213,"José Luis José Luis Fernández","Laura Maria Rodríguez"
219,"Josefa María Pilar Pérez","María Carmen Pérez"
